ALTER DATABASE qlkhoiluongcongtacthpt 
CHARACTER SET utf8mb4 
COLLATE utf8mb4_unicode_ci;

CREATE TABLE hocky (
  HK_HocKy char(1) NOT NULL,
  HK_SoTuan int NOT NULL,
  PRIMARY KEY (HK_HocKy)
)ENGINE=InnoDB;

INSERT INTO hocky (HK_HocKy, HK_SoTuan) VALUES 
('1', 20),  -- Học kỳ 1 có 20 tuần
('2', 19);  -- Học kỳ 2 có 19 tuần


CREATE TABLE namhoc (
  NH_NamHoc char(9) NOT NULL,
  NH_SoTietChuan int NOT NULL,
  PRIMARY KEY (NH_NamHoc)
)ENGINE=InnoDB;

INSERT INTO namhoc (NH_NamHoc, NH_SoTietChuan) VALUES 
('2019-2020', 1000),
('2020-2021', 1000),
('2021-2022', 1000),
('2022-2023', 1000),
('2023-2024', 1000),
('2024-2025', 1000);


CREATE TABLE tobomon (
  TBM_Ma char(5) NOT NULL,
  TBM_Ten varchar(50) NOT NULL,
  PRIMARY KEY (TBM_Ma)
)ENGINE=InnoDB;

INSERT INTO tobomon (TBM_Ma, TBM_Ten) VALUES 
('BM001', 'Toán Học - Tin Học'),
('BM002', 'Ngữ Văn - Giáo Dục Công Dân'),
('BM003', 'Ngoại Ngữ'),
('BM004', 'Lịch Sử - Địa Lý'),
('BM005', 'Vật Lí - Hoá Học'),
('BM006', 'Sinh Học - Công Nghệ'),
('BM007', 'Thể Dục - Giáo Dục Quốc Phòng');


CREATE TABLE giaovien (
  GV_Ma char(5) NOT NULL,
  GV_HoTen varchar(30) NOT NULL,
  GV_NgaySinh date NOT NULL,
  GV_GioiTinh tinyint NOT NULL,
  GV_SoDT varchar(11) UNIQUE NOT NULL,
  GV_Mail varchar(50) UNIQUE NOT NULL,
  GV_DiaChi varchar(100) NOT NULL,
  TBM_Ma char(5) NOT NULL,
  PRIMARY KEY (GV_Ma),
  FOREIGN KEY (TBM_Ma) REFERENCES tobomon (TBM_Ma) ON DELETE CASCADE ON UPDATE CASCADE
)ENGINE=InnoDB;

ALTER TABLE giaovien ADD CONSTRAINT check_gioitinh CHECK (GV_GioiTinh IN (0,1));

INSERT INTO giaovien (GV_Ma, GV_HoTen, GV_NgaySinh, GV_GioiTinh, GV_SoDT, GV_Mail, GV_DiaChi, TBM_Ma) VALUES
-- Toán Học - Tin Học
('GV001', 'Nguyễn Văn A', '1985-06-15', 0, '0912345670', 'vana1@example.com', '123 Đường A', 'BM001'),
('GV002', 'Nguyễn Thị B', '1986-07-20', 1, '0912345671', 'vanb2@example.com', '234 Đường B', 'BM001'),
('GV003', 'Trần Văn C', '1987-08-25', 0, '0912345672', 'vanc3@example.com', '345 Đường C', 'BM001'),
('GV004', 'Lê Thị D', '1988-09-30', 1, '0912345673', 'vand4@example.com', '456 Đường D', 'BM001'),
('GV005', 'Phạm Văn E', '1989-10-05', 0, '0912345674', 'vane5@example.com', '567 Đường E', 'BM001'),

-- Ngữ Văn - Giáo Dục Công Dân
('GV006', 'Lê Văn F', '1980-01-15', 0, '0912345675', 'vanf6@example.com', '678 Đường F', 'BM002'),
('GV007', 'Vũ Thị G', '1981-02-20', 1, '0912345676', 'vang7@example.com', '789 Đường G', 'BM002'),
('GV008', 'Hoàng Văn H', '1982-03-25', 0, '0912345677', 'vanh8@example.com', '890 Đường H', 'BM002'),
('GV009', 'Đặng Thị I', '1983-04-30', 1, '0912345678', 'vani9@example.com', '901 Đường I', 'BM002'),
('GV010', 'Đỗ Văn J', '1984-05-05', 0, '0912345679', 'vanj10@example.com', '012 Đường J', 'BM002'),

-- Ngoại Ngữ
('GV011', 'Phan Văn K', '1980-06-10', 0, '0912345680', 'vank11@example.com', '123 Đường K', 'BM003'),
('GV012', 'Ngô Thị L', '1981-07-15', 1, '0912345681', 'vanl12@example.com', '234 Đường L', 'BM003'),
('GV013', 'Đoàn Văn M', '1982-08-20', 0, '0912345682', 'vanm13@example.com', '345 Đường M', 'BM003'),
('GV014', 'Mai Thị N', '1983-09-25', 1, '0912345683', 'vann14@example.com', '456 Đường N', 'BM003'),

-- Lịch Sử - Địa Lý
('GV015', 'Trịnh Văn O', '1980-10-10', 0, '0912345684', 'vano15@example.com', '567 Đường O', 'BM004'),
('GV016', 'Nguyễn Thị P', '1981-11-15', 1, '0912345685', 'vanp16@example.com', '678 Đường P', 'BM004'),
('GV017', 'Nguyễn Văn Q', '1982-12-20', 0, '0912345686', 'vanq17@example.com', '789 Đường Q', 'BM004'),
('GV018', 'Lê Thị R', '1983-01-25', 1, '0912345687', 'vanr18@example.com', '890 Đường R', 'BM004'),

-- Vật Lí - Hoá Học
('GV019', 'Trần Văn S', '1984-02-10', 0, '0912345688', 'vans19@example.com', '901 Đường S', 'BM005'),
('GV020', 'Vũ Thị T', '1985-03-15', 1, '0912345689', 'vant20@example.com', '012 Đường T', 'BM005'),
('GV021', 'Hoàng Văn U', '1986-04-20', 0, '0912345690', 'vanu21@example.com', '123 Đường U', 'BM005'),
('GV022', 'Phạm Thị V', '1987-05-25', 1, '0912345691', 'vanv22@example.com', '234 Đường V', 'BM005'),

-- Sinh Học - Công Nghệ
('GV023', 'Đặng Văn W', '1980-06-10', 0, '0912345692', 'vanw23@example.com', '345 Đường W', 'BM006'),
('GV024', 'Đỗ Thị X', '1981-07-15', 1, '0912345693', 'vanx24@example.com', '456 Đường X', 'BM006'),
('GV025', 'Mai Văn Y', '1982-08-20', 0, '0912345694', 'vany25@example.com', '567 Đường Y', 'BM006'),

-- Thể Dục - Giáo Dục Quốc Phòng
('GV026', 'Ngô Văn Z', '1983-09-10', 0, '0912345695', 'vanz26@example.com', '678 Đường Z', 'BM007'),
('GV027', 'Trịnh Thị A1', '1984-10-15', 1, '0912345696', 'vana27@example.com', '789 Đường A1', 'BM007'),
('GV028', 'Đoàn Văn B2', '1985-11-20', 0, '0912345697', 'vanb28@example.com', '890 Đường B2', 'BM007');


CREATE TABLE taikhoan (
  GV_Ma char(5) NOT NULL,
  TK_MatKhau varchar(16) NOT NULL,
  PRIMARY KEY (GV_Ma),
  FOREIGN KEY (GV_Ma) REFERENCES giaovien (GV_Ma) ON DELETE CASCADE ON UPDATE CASCADE
)ENGINE=InnoDB;

INSERT INTO taikhoan (GV_Ma, TK_MatKhau) VALUES
-- Toán Học - Tin Học
('GV001', 'matkhau001'),
('GV002', 'matkhau002'),
('GV003', 'matkhau003'),
('GV004', 'matkhau004'),
('GV005', 'matkhau005'),

-- Ngữ Văn - Giáo Dục Công Dân
('GV006', 'matkhau006'),
('GV007', 'matkhau007'),
('GV008', 'matkhau008'),
('GV009', 'matkhau009'),
('GV010', 'matkhau010'),

-- Ngoại Ngữ
('GV011', 'matkhau011'),
('GV012', 'matkhau012'),
('GV013', 'matkhau013'),
('GV014', 'matkhau014'),

-- Lịch Sử - Địa Lý
('GV015', 'matkhau015'),
('GV016', 'matkhau016'),
('GV017', 'matkhau017'),
('GV018', 'matkhau018'),

-- Vật Lí - Hoá Học
('GV019', 'matkhau019'),
('GV020', 'matkhau020'),
('GV021', 'matkhau021'),
('GV022', 'matkhau022'),

-- Sinh Học - Công Nghệ
('GV023', 'matkhau023'),
('GV024', 'matkhau024'),
('GV025', 'matkhau025'),

-- Thể Dục - Giáo Dục Quốc Phòng
('GV026', 'matkhau026'),
('GV027', 'matkhau027'),
('GV028', 'matkhau028');


CREATE TABLE chucvu (
  CV_Ma char(5) NOT NULL,
  CV_Ten varchar(50) NOT NULL,
  CV_SoTietMien int NOT NULL,
  PRIMARY KEY (CV_Ma)
)ENGINE=InnoDB;

INSERT INTO chucvu (CV_Ma, CV_Ten, CV_SoTietMien) VALUES 
('CV001', 'Hiệu Trưởng', 50),
('CV002', 'Phó Hiệu Trưởng', 45),
('CV003', 'Giám Thị', 40),
('CV004', 'Tổ Trưởng Tổ Bộ Môn', 20),
('CV005', 'Bí Thư Đoàn Trường', 45),
('CV006', 'Phó Bí Thư Đoàn Trường', 40),
('CV007', 'Ủy Viên Đoàn Trường', 35);


CREATE TABLE giuchucvu (
  GV_Ma char(5) NOT NULL,
  CV_Ma char(5) NOT NULL,
  HK_HocKy char(1) NOT NULL,
  NH_NamHoc char(9) NOT NULL,
  PRIMARY KEY (GV_Ma, CV_Ma, HK_HocKy, NH_NamHoc),
  FOREIGN KEY (GV_Ma) REFERENCES giaovien (GV_Ma) ON DELETE CASCADE ON UPDATE CASCADE,
  FOREIGN KEY (CV_Ma) REFERENCES chucvu (CV_Ma) ON DELETE CASCADE ON UPDATE CASCADE,
  FOREIGN KEY (NH_NamHoc) REFERENCES namhoc (NH_NamHoc) ON DELETE CASCADE ON UPDATE CASCADE,
  FOREIGN KEY (HK_HocKy) REFERENCES hocky (HK_HocKy) ON DELETE CASCADE ON UPDATE CASCADE
)ENGINE=InnoDB;

INSERT INTO giuchucvu (GV_Ma, CV_Ma, HK_HocKy, NH_NamHoc) VALUES 
('GV001', 'CV001', '1', '2023-2024'),
('GV006', 'CV002', '1', '2023-2024'),
('GV011', 'CV003', '1', '2023-2024'),
('GV015', 'CV005', '1', '2023-2024'),
('GV019', 'CV006', '1', '2023-2024'),
('GV023', 'CV007', '1', '2023-2024'),
('GV002', 'CV004', '1', '2023-2024'),
('GV007', 'CV004', '1', '2023-2024'),
('GV012', 'CV004', '1', '2023-2024'),
('GV016', 'CV004', '1', '2023-2024'),
('GV020', 'CV004', '1', '2023-2024'),
('GV024', 'CV004', '1', '2023-2024'),
('GV026', 'CV004', '1', '2023-2024'),

('GV001', 'CV001', '2', '2023-2024'),
('GV006', 'CV002', '2', '2023-2024'),
('GV011', 'CV003', '2', '2023-2024'),
('GV015', 'CV005', '2', '2023-2024'),
('GV019', 'CV006', '2', '2023-2024'),
('GV023', 'CV007', '2', '2023-2024'),
('GV002', 'CV004', '2', '2023-2024'),
('GV007', 'CV004', '2', '2023-2024'),
('GV012', 'CV004', '2', '2023-2024'),
('GV016', 'CV004', '2', '2023-2024'),
('GV020', 'CV004', '2', '2023-2024'),
('GV024', 'CV004', '2', '2023-2024'),
('GV026', 'CV004', '2', '2023-2024'),

('GV001', 'CV001', '1', '2024-2025'),
('GV006', 'CV002', '1', '2024-2025'),
('GV011', 'CV003', '1', '2024-2025'),
('GV015', 'CV005', '1', '2024-2025'),
('GV019', 'CV006', '1', '2024-2025'),
('GV023', 'CV007', '1', '2024-2025'),
('GV002', 'CV004', '1', '2024-2025'),
('GV007', 'CV004', '1', '2024-2025'),
('GV012', 'CV004', '1', '2024-2025'),
('GV016', 'CV004', '1', '2024-2025'),
('GV020', 'CV004', '1', '2024-2025'),
('GV024', 'CV004', '1', '2024-2025'),
('GV026', 'CV004', '1', '2024-2025'),

('GV001', 'CV001', '2', '2024-2025'),
('GV006', 'CV002', '2', '2024-2025'),
('GV011', 'CV003', '2', '2024-2025'),
('GV015', 'CV005', '2', '2024-2025'),
('GV019', 'CV006', '2', '2024-2025'),
('GV023', 'CV007', '2', '2024-2025'),
('GV002', 'CV004', '2', '2024-2025'),
('GV007', 'CV004', '2', '2024-2025'),
('GV012', 'CV004', '2', '2024-2025'),
('GV016', 'CV004', '2', '2024-2025'),
('GV020', 'CV004', '2', '2024-2025'),
('GV024', 'CV004', '2', '2024-2025'),
('GV026', 'CV004', '2', '2024-2025');


CREATE TABLE nhiemvu (
  NV_Ma char(5) NOT NULL,
  NV_Ten varchar(50) NOT NULL,
  NV_SoTietMien int NOT NULL,
  PRIMARY KEY (NV_Ma)
)ENGINE=InnoDB;

INSERT INTO nhiemvu (NV_Ma, NV_Ten, NV_SoTietMien) VALUES 
('NV001', 'Huấn luyện đội tuyển học sinh giỏi', 20), 
('NV002', 'Hướng nghiệp', 5), 
('NV003', 'Dạy nghề', 10), 
('NV004', 'Hoạt động ngoại khóa', 5), 
('NV005', 'Mở lớp cảm tình đoàn', 5),
('NV006', 'Chủ nhiệm', 10);

CREATE TABLE kiemnhiem (
  GV_Ma char(5) NOT NULL,
  NV_Ma char(5) NOT NULL,
  HK_HocKy char(1) NOT NULL,
  NH_NamHoc char(9) NOT NULL,
  PRIMARY KEY (GV_Ma, NV_Ma, HK_HocKy, NH_NamHoc),
  FOREIGN KEY (NV_Ma) REFERENCES nhiemvu (NV_Ma) ON DELETE CASCADE ON UPDATE CASCADE,
  FOREIGN KEY (GV_Ma) REFERENCES giaovien (GV_Ma) ON DELETE CASCADE ON UPDATE CASCADE,
  FOREIGN KEY (HK_HocKy) REFERENCES hocky (HK_HocKy) ON DELETE CASCADE ON UPDATE CASCADE,
  FOREIGN KEY (NH_NamHoc) REFERENCES namhoc (NH_NamHoc) ON DELETE CASCADE ON UPDATE CASCADE
)ENGINE=InnoDB;

INSERT INTO kiemnhiem(GV_Ma, NV_Ma, HK_HocKy, NH_NamHoc) VALUES
('GV002', 'NV001', '1', '2023-2024'),
('GV007', 'NV001', '1', '2023-2024'),
('GV012', 'NV001', '1', '2023-2024'),
('GV016', 'NV001', '1', '2023-2024'),
('GV020', 'NV001', '1', '2023-2024'),
('GV024', 'NV001', '1', '2023-2024'),
('GV026', 'NV001', '1', '2023-2024'),

('GV025', 'NV003', '1', '2023-2024'),

('GV021', 'NV004', '1', '2023-2024'),
('GV022', 'NV004', '1', '2023-2024'),
('GV025', 'NV004', '1', '2023-2024'),
('GV027', 'NV004', '1', '2023-2024'),
('GV028', 'NV004', '1', '2023-2024'),

('GV015', 'NV005', '1', '2023-2024'),
('GV019', 'NV005', '1', '2023-2024'),
('GV023', 'NV005', '1', '2023-2024'),

('GV003', 'NV006', '1', '2023-2024'),
('GV004', 'NV006', '1', '2023-2024'),
('GV005', 'NV006', '1', '2023-2024'),
('GV008', 'NV006', '1', '2023-2024'),
('GV009', 'NV006', '1', '2023-2024'),
('GV010', 'NV006', '1', '2023-2024'),
('GV013', 'NV006', '1', '2023-2024'),
('GV014', 'NV006', '1', '2023-2024'),
('GV017', 'NV006', '1', '2023-2024'),
('GV018', 'NV006', '1', '2023-2024'),
('GV021', 'NV006', '1', '2023-2024'),
('GV022', 'NV006', '1', '2023-2024'),
('GV025', 'NV006', '1', '2023-2024'),
('GV027', 'NV006', '1', '2023-2024'),
('GV028', 'NV006', '1', '2023-2024'),

('GV002', 'NV001', '2', '2023-2024'),
('GV007', 'NV001', '2', '2023-2024'),
('GV012', 'NV001', '2', '2023-2024'),
('GV016', 'NV001', '2', '2023-2024'),
('GV020', 'NV001', '2', '2023-2024'),
('GV024', 'NV001', '2', '2023-2024'),
('GV026', 'NV001', '2', '2023-2024'),

('GV025', 'NV003', '2', '2023-2024'),

('GV021', 'NV004', '2', '2023-2024'),
('GV022', 'NV004', '2', '2023-2024'),
('GV025', 'NV004', '2', '2023-2024'),
('GV027', 'NV004', '2', '2023-2024'),
('GV028', 'NV004', '2', '2023-2024'),

('GV015', 'NV005', '2', '2023-2024'),
('GV019', 'NV005', '2', '2023-2024'),
('GV023', 'NV005', '2', '2023-2024'),

('GV003', 'NV006', '2', '2023-2024'),
('GV004', 'NV006', '2', '2023-2024'),
('GV005', 'NV006', '2', '2023-2024'),
('GV008', 'NV006', '2', '2023-2024'),
('GV009', 'NV006', '2', '2023-2024'),
('GV010', 'NV006', '2', '2023-2024'),
('GV013', 'NV006', '2', '2023-2024'),
('GV014', 'NV006', '2', '2023-2024'),
('GV017', 'NV006', '2', '2023-2024'),
('GV018', 'NV006', '2', '2023-2024'),
('GV021', 'NV006', '2', '2023-2024'),
('GV022', 'NV006', '2', '2023-2024'),
('GV025', 'NV006', '2', '2023-2024'),
('GV027', 'NV006', '2', '2023-2024'),
('GV028', 'NV006', '2', '2023-2024');



CREATE TABLE khoi (
  K_Khoi char(2) NOT NULL,
  PRIMARY KEY (K_Khoi)
)ENGINE=InnoDB;

INSERT INTO khoi (K_Khoi) VALUES 
('10'), 
('11'), 
('12');


CREATE TABLE kyhieu (
  KH_KyHieu char(1) NOT NULL,
  PRIMARY KEY (KH_KyHieu)
)ENGINE=InnoDB;

INSERT INTO kyhieu (KH_KyHieu) VALUES 
('A'), 
('P');


CREATE TABLE lop (
  L_STTLop varchar(2) NOT NULL,
  K_Khoi char(2) NOT NULL,
  KH_KyHieu char(1) NOT NULL,
  NH_NamHoc char(9) NOT NULL,
  GV_Ma char(5) NOT NULL,
  PRIMARY KEY (L_STTLop,K_Khoi,KH_KyHieu,NH_NamHoc),
  FOREIGN KEY (K_Khoi) REFERENCES khoi (K_Khoi) ON DELETE CASCADE ON UPDATE CASCADE,
  FOREIGN KEY (KH_KyHieu) REFERENCES kyhieu (KH_KyHieu) ON DELETE CASCADE ON UPDATE CASCADE,
  FOREIGN KEY (NH_NamHoc) REFERENCES namhoc (NH_NamHoc) ON DELETE CASCADE ON UPDATE CASCADE,
  FOREIGN KEY (GV_Ma) REFERENCES giaovien (GV_Ma) ON DELETE CASCADE ON UPDATE CASCADE
)ENGINE=InnoDB;

-- Khối 10
INSERT INTO lop (L_STTLop, K_Khoi, KH_KyHieu, NH_NamHoc, GV_Ma) VALUES
('1', '10', 'A', '2023-2024', 'GV003'),
('2', '10', 'A', '2023-2024', 'GV004'),
('3', '10', 'A', '2023-2024', 'GV005'),
('1', '10', 'P', '2023-2024', 'GV008');

-- Khối 11
INSERT INTO lop (L_STTLop, K_Khoi, KH_KyHieu, NH_NamHoc, GV_Ma) VALUES
('1', '11', 'A', '2023-2024', 'GV009'),
('2', '11', 'A', '2023-2024', 'GV010'),
('3', '11', 'A', '2023-2024', 'GV013'),
('4', '11', 'A', '2023-2024', 'GV014'),
('1', '11', 'P', '2023-2024', 'GV017'),
('2', '11', 'P', '2023-2024', 'GV018');

-- Khối 12
INSERT INTO lop (L_STTLop, K_Khoi, KH_KyHieu, NH_NamHoc, GV_Ma) VALUES
('1', '12', 'A', '2023-2024', 'GV021'),
('2', '12', 'A', '2023-2024', 'GV022'),
('3', '12', 'A', '2023-2024', 'GV025'),
('1', '12', 'P', '2023-2024', 'GV027'),
('2', '12', 'P', '2023-2024', 'GV028');

-- Khối 11 (từ khối 10 năm 2023-2024)
INSERT INTO lop (L_STTLop, K_Khoi, KH_KyHieu, NH_NamHoc, GV_Ma) VALUES
('1', '11', 'A', '2024-2025', 'GV003'),
('2', '11', 'A', '2024-2025', 'GV004'),
('3', '11', 'A', '2024-2025', 'GV005'),
('1', '11', 'P', '2024-2025', 'GV008');

-- Khối 12 (từ khối 11 năm 2023-2024)
INSERT INTO lop (L_STTLop, K_Khoi, KH_KyHieu, NH_NamHoc, GV_Ma) VALUES
('1', '12', 'A', '2024-2025', 'GV009'),
('2', '12', 'A', '2024-2025', 'GV010'),
('3', '12', 'A', '2024-2025', 'GV013'),
('4', '12', 'A', '2024-2025', 'GV014'),
('1', '12', 'P', '2024-2025', 'GV017'),
('2', '12', 'P', '2024-2025', 'GV018');

-- Khối 10 năm 2024-2025
INSERT INTO lop (L_STTLop, K_Khoi, KH_KyHieu, NH_NamHoc, GV_Ma) VALUES
('1', '10', 'A', '2024-2025', 'GV021'),
('2', '10', 'A', '2024-2025', 'GV022'),
('3', '10', 'A', '2024-2025', 'GV025'),
('1', '10', 'P', '2024-2025', 'GV027'),
('2', '10', 'P', '2024-2025', 'GV028');



CREATE TABLE monhoc (
  M_Ma char(5) NOT NULL,
  M_Ten varchar(20) NOT NULL,
  PRIMARY KEY (M_Ma)
)ENGINE=InnoDB;

-- Dữ liệu cho bảng môn học
INSERT INTO monhoc (M_Ma, M_Ten) VALUES
('MON01', 'Toán Học'),
('MON02', 'Ngữ Văn'),
('MON03', 'Anh Văn'),
('MON04', 'Sinh Học'),
('MON05', 'Vật Lí'),
('MON06', 'Hoá Học'),
('MON07', 'Địa Lí'),
('MON08', 'Lịch Sử'),
('MON09', 'Giáo Dục Công Dân'),
('MON10', 'Thể Dục'),
('MON11', 'Giáo Dục Quốc Phòng'),
('MON12', 'Công Nghệ'),
('MON13', 'Tin Học');


CREATE TABLE giangday (
  GV_Ma char(5) NOT NULL,
  M_Ma char(5) NOT NULL,
  L_STTLop varchar(2) NOT NULL,
  K_Khoi char(2) NOT NULL,
  KH_KyHieu char(1) NOT NULL,
  NH_NamHoc char(9) NOT NULL,
  HK_HocKy char(1) NOT NULL,

  PRIMARY KEY (M_Ma, L_STTLop, K_Khoi, KH_KyHieu, NH_NamHoc, HK_HocKy),
  FOREIGN KEY (M_Ma) REFERENCES monhoc (M_Ma) ON DELETE CASCADE ON UPDATE CASCADE,
  FOREIGN KEY (GV_Ma) REFERENCES giaovien (GV_Ma) ON DELETE CASCADE ON UPDATE CASCADE,
  FOREIGN KEY (L_STTLop,K_Khoi,KH_KyHieu,NH_NamHoc) REFERENCES lop (L_STTLop,K_Khoi,KH_KyHieu,NH_NamHoc) ON DELETE NO ACTION ON UPDATE NO ACTION,
  FOREIGN KEY (HK_HocKy) REFERENCES hocky (HK_HocKy) ON DELETE CASCADE ON UPDATE CASCADE
)ENGINE=InnoDB;

INSERT INTO giangday (GV_Ma, M_Ma, L_STTLop, K_Khoi, KH_KyHieu, NH_NamHoc, HK_HocKy) VALUES
('GV001', 'MON01', '1', '10', 'A', '2023-2024', '1'), -- Mon Toan
('GV004', 'MON01', '2', '10', 'A', '2023-2024', '1'),
('GV005', 'MON01', '3', '10', 'A', '2023-2024', '1'),
('GV002', 'MON01', '1', '10', 'P', '2023-2024', '1'),
('GV002', 'MON01', '1', '11', 'A', '2023-2024', '1'),
('GV003', 'MON01', '2', '11', 'A', '2023-2024', '1'),
('GV003', 'MON01', '3', '11', 'A', '2023-2024', '1'),
('GV003', 'MON01', '4', '11', 'A', '2023-2024', '1'),
('GV003', 'MON01', '1', '11', 'P', '2023-2024', '1'),
('GV004', 'MON01', '2', '11', 'P', '2023-2024', '1'),
('GV004', 'MON01', '1', '12', 'A', '2023-2024', '1'),
('GV004', 'MON01', '2', '12', 'A', '2023-2024', '1'),
('GV005', 'MON01', '3', '12', 'A', '2023-2024', '1'),
('GV005', 'MON01', '1', '12', 'P', '2023-2024', '1'),
('GV005', 'MON01', '2', '12', 'P', '2023-2024', '1'),

('GV001', 'MON13', '1', '10', 'A', '2023-2024', '1'), -- Mon Tin
('GV004', 'MON13', '2', '10', 'A', '2023-2024', '1'),
('GV005', 'MON13', '3', '10', 'A', '2023-2024', '1'),
('GV002', 'MON13', '1', '10', 'P', '2023-2024', '1'),
('GV002', 'MON13', '1', '11', 'A', '2023-2024', '1'),
('GV003', 'MON13', '2', '11', 'A', '2023-2024', '1'),
('GV003', 'MON13', '3', '11', 'A', '2023-2024', '1'),
('GV003', 'MON13', '4', '11', 'A', '2023-2024', '1'),
('GV003', 'MON13', '1', '11', 'P', '2023-2024', '1'),
('GV004', 'MON13', '2', '11', 'P', '2023-2024', '1'),
('GV004', 'MON13', '1', '12', 'A', '2023-2024', '1'),
('GV004', 'MON13', '2', '12', 'A', '2023-2024', '1'),
('GV005', 'MON13', '3', '12', 'A', '2023-2024', '1'),
('GV005', 'MON13', '1', '12', 'P', '2023-2024', '1'),
('GV005', 'MON13', '2', '12', 'P', '2023-2024', '1'),

('GV006', 'MON02', '1', '10', 'A', '2023-2024', '1'), -- Mon Van
('GV009', 'MON02', '2', '10', 'A', '2023-2024', '1'),
('GV010', 'MON02', '3', '10', 'A', '2023-2024', '1'),
('GV007', 'MON02', '1', '10', 'P', '2023-2024', '1'),
('GV007', 'MON02', '1', '11', 'A', '2023-2024', '1'),
('GV008', 'MON02', '2', '11', 'A', '2023-2024', '1'),
('GV008', 'MON02', '3', '11', 'A', '2023-2024', '1'),
('GV008', 'MON02', '4', '11', 'A', '2023-2024', '1'),
('GV008', 'MON02', '1', '11', 'P', '2023-2024', '1'),
('GV009', 'MON02', '2', '11', 'P', '2023-2024', '1'),
('GV009', 'MON02', '1', '12', 'A', '2023-2024', '1'),
('GV009', 'MON02', '2', '12', 'A', '2023-2024', '1'),
('GV010', 'MON02', '3', '12', 'A', '2023-2024', '1'),
('GV010', 'MON02', '1', '12', 'P', '2023-2024', '1'),
('GV010', 'MON02', '2', '12', 'P', '2023-2024', '1'),

('GV006', 'MON09', '1', '10', 'A', '2023-2024', '1'), -- Mon GDCD
('GV009', 'MON09', '2', '10', 'A', '2023-2024', '1'),
('GV010', 'MON09', '3', '10', 'A', '2023-2024', '1'),
('GV007', 'MON09', '1', '10', 'P', '2023-2024', '1'),
('GV007', 'MON09', '1', '11', 'A', '2023-2024', '1'),
('GV008', 'MON09', '2', '11', 'A', '2023-2024', '1'),
('GV008', 'MON09', '3', '11', 'A', '2023-2024', '1'),
('GV008', 'MON09', '4', '11', 'A', '2023-2024', '1'),
('GV008', 'MON09', '1', '11', 'P', '2023-2024', '1'),
('GV009', 'MON09', '2', '11', 'P', '2023-2024', '1'),
('GV009', 'MON09', '1', '12', 'A', '2023-2024', '1'),
('GV009', 'MON09', '2', '12', 'A', '2023-2024', '1'),
('GV010', 'MON09', '3', '12', 'A', '2023-2024', '1'),
('GV010', 'MON09', '1', '12', 'P', '2023-2024', '1'),
('GV010', 'MON09', '2', '12', 'P', '2023-2024', '1'),

('GV011', 'MON03', '1', '10', 'A', '2023-2024', '1'), -- Mon Anh Van
('GV011', 'MON03', '2', '10', 'A', '2023-2024', '1'),
('GV011', 'MON03', '3', '10', 'A', '2023-2024', '1'),
('GV012', 'MON03', '1', '10', 'P', '2023-2024', '1'),
('GV012', 'MON03', '1', '11', 'A', '2023-2024', '1'),
('GV012', 'MON03', '2', '11', 'A', '2023-2024', '1'),
('GV012', 'MON03', '3', '11', 'A', '2023-2024', '1'),
('GV013', 'MON03', '4', '11', 'A', '2023-2024', '1'),
('GV013', 'MON03', '1', '11', 'P', '2023-2024', '1'),
('GV013', 'MON03', '2', '11', 'P', '2023-2024', '1'),
('GV013', 'MON03', '1', '12', 'A', '2023-2024', '1'),
('GV014', 'MON03', '2', '12', 'A', '2023-2024', '1'),
('GV014', 'MON03', '3', '12', 'A', '2023-2024', '1'),
('GV014', 'MON03', '1', '12', 'P', '2023-2024', '1'),
('GV014', 'MON03', '2', '12', 'P', '2023-2024', '1'),

('GV023', 'MON04', '1', '10', 'A', '2023-2024', '1'), -- Mon Sinh hoc
('GV023', 'MON04', '2', '10', 'A', '2023-2024', '1'),
('GV023', 'MON04', '3', '10', 'A', '2023-2024', '1'),
('GV023', 'MON04', '1', '10', 'P', '2023-2024', '1'),
('GV024', 'MON04', '1', '11', 'A', '2023-2024', '1'),
('GV024', 'MON04', '2', '11', 'A', '2023-2024', '1'),
('GV024', 'MON04', '3', '11', 'A', '2023-2024', '1'),
('GV024', 'MON04', '4', '11', 'A', '2023-2024', '1'),
('GV024', 'MON04', '1', '11', 'P', '2023-2024', '1'),
('GV025', 'MON04', '2', '11', 'P', '2023-2024', '1'),
('GV025', 'MON04', '1', '12', 'A', '2023-2024', '1'),
('GV025', 'MON04', '2', '12', 'A', '2023-2024', '1'),
('GV025', 'MON04', '3', '12', 'A', '2023-2024', '1'),
('GV025', 'MON04', '1', '12', 'P', '2023-2024', '1'),
('GV025', 'MON04', '2', '12', 'P', '2023-2024', '1'),

('GV023', 'MON12', '1', '10', 'A', '2023-2024', '1'), -- Mon Cong nghe
('GV023', 'MON12', '2', '10', 'A', '2023-2024', '1'),
('GV023', 'MON12', '3', '10', 'A', '2023-2024', '1'),
('GV023', 'MON12', '1', '10', 'P', '2023-2024', '1'),
('GV024', 'MON12', '1', '11', 'A', '2023-2024', '1'),
('GV024', 'MON12', '2', '11', 'A', '2023-2024', '1'),
('GV024', 'MON12', '3', '11', 'A', '2023-2024', '1'),
('GV024', 'MON12', '4', '11', 'A', '2023-2024', '1'),
('GV024', 'MON12', '1', '11', 'P', '2023-2024', '1'),
('GV025', 'MON12', '2', '11', 'P', '2023-2024', '1'),
('GV025', 'MON12', '1', '12', 'A', '2023-2024', '1'),
('GV025', 'MON12', '2', '12', 'A', '2023-2024', '1'),
('GV025', 'MON12', '3', '12', 'A', '2023-2024', '1'),
('GV025', 'MON12', '1', '12', 'P', '2023-2024', '1'),
('GV025', 'MON12', '2', '12', 'P', '2023-2024', '1'),

('GV019', 'MON05', '1', '10', 'A', '2023-2024', '1'), -- Mon Vat ly
('GV019', 'MON05', '2', '10', 'A', '2023-2024', '1'),
('GV020', 'MON05', '3', '10', 'A', '2023-2024', '1'),
('GV020', 'MON05', '1', '10', 'P', '2023-2024', '1'),
('GV020', 'MON05', '1', '11', 'A', '2023-2024', '1'),
('GV021', 'MON05', '2', '11', 'A', '2023-2024', '1'),
('GV021', 'MON05', '3', '11', 'A', '2023-2024', '1'),
('GV021', 'MON05', '4', '11', 'A', '2023-2024', '1'),
('GV021', 'MON05', '1', '11', 'P', '2023-2024', '1'),
('GV021', 'MON05', '2', '11', 'P', '2023-2024', '1'),
('GV022', 'MON05', '1', '12', 'A', '2023-2024', '1'),
('GV022', 'MON05', '2', '12', 'A', '2023-2024', '1'),
('GV022', 'MON05', '3', '12', 'A', '2023-2024', '1'),
('GV022', 'MON05', '1', '12', 'P', '2023-2024', '1'),
('GV022', 'MON05', '2', '12', 'P', '2023-2024', '1'),

('GV019', 'MON06', '1', '10', 'A', '2023-2024', '1'), -- Mon Hoa hoc
('GV019', 'MON06', '2', '10', 'A', '2023-2024', '1'),
('GV020', 'MON06', '3', '10', 'A', '2023-2024', '1'),
('GV020', 'MON06', '1', '10', 'P', '2023-2024', '1'),
('GV020', 'MON06', '1', '11', 'A', '2023-2024', '1'),
('GV021', 'MON06', '2', '11', 'A', '2023-2024', '1'),
('GV021', 'MON06', '3', '11', 'A', '2023-2024', '1'),
('GV021', 'MON06', '4', '11', 'A', '2023-2024', '1'),
('GV021', 'MON06', '1', '11', 'P', '2023-2024', '1'),
('GV021', 'MON06', '2', '11', 'P', '2023-2024', '1'),
('GV022', 'MON06', '1', '12', 'A', '2023-2024', '1'),
('GV022', 'MON06', '2', '12', 'A', '2023-2024', '1'),
('GV022', 'MON06', '3', '12', 'A', '2023-2024', '1'),
('GV022', 'MON06', '1', '12', 'P', '2023-2024', '1'),
('GV022', 'MON06', '2', '12', 'P', '2023-2024', '1'),

('GV015', 'MON07', '1', '10', 'A', '2023-2024', '1'), -- Mon Dia ly
('GV015', 'MON07', '2', '10', 'A', '2023-2024', '1'),
('GV016', 'MON07', '3', '10', 'A', '2023-2024', '1'),
('GV016', 'MON07', '1', '10', 'P', '2023-2024', '1'),
('GV016', 'MON07', '1', '11', 'A', '2023-2024', '1'),
('GV017', 'MON07', '2', '11', 'A', '2023-2024', '1'),
('GV017', 'MON07', '3', '11', 'A', '2023-2024', '1'),
('GV017', 'MON07', '4', '11', 'A', '2023-2024', '1'),
('GV017', 'MON07', '1', '11', 'P', '2023-2024', '1'),
('GV017', 'MON07', '2', '11', 'P', '2023-2024', '1'),
('GV018', 'MON07', '1', '12', 'A', '2023-2024', '1'),
('GV018', 'MON07', '2', '12', 'A', '2023-2024', '1'),
('GV018', 'MON07', '3', '12', 'A', '2023-2024', '1'),
('GV018', 'MON07', '1', '12', 'P', '2023-2024', '1'),
('GV018', 'MON07', '2', '12', 'P', '2023-2024', '1'),

('GV015', 'MON08', '1', '10', 'A', '2023-2024', '1'), -- Mon Lich su
('GV015', 'MON08', '2', '10', 'A', '2023-2024', '1'),
('GV016', 'MON08', '3', '10', 'A', '2023-2024', '1'),
('GV016', 'MON08', '1', '10', 'P', '2023-2024', '1'),
('GV016', 'MON08', '1', '11', 'A', '2023-2024', '1'),
('GV017', 'MON08', '2', '11', 'A', '2023-2024', '1'),
('GV017', 'MON08', '3', '11', 'A', '2023-2024', '1'),
('GV017', 'MON08', '4', '11', 'A', '2023-2024', '1'),
('GV017', 'MON08', '1', '11', 'P', '2023-2024', '1'),
('GV017', 'MON08', '2', '11', 'P', '2023-2024', '1'),
('GV018', 'MON08', '1', '12', 'A', '2023-2024', '1'),
('GV018', 'MON08', '2', '12', 'A', '2023-2024', '1'),
('GV018', 'MON08', '3', '12', 'A', '2023-2024', '1'),
('GV018', 'MON08', '1', '12', 'P', '2023-2024', '1'),
('GV018', 'MON08', '2', '12', 'P', '2023-2024', '1'),

('GV026', 'MON10', '1', '10', 'A', '2023-2024', '1'), -- Mon The duc
('GV026', 'MON10', '2', '10', 'A', '2023-2024', '1'),
('GV026', 'MON10', '3', '10', 'A', '2023-2024', '1'),
('GV026', 'MON10', '1', '10', 'P', '2023-2024', '1'),
('GV026', 'MON10', '1', '11', 'A', '2023-2024', '1'),
('GV027', 'MON10', '2', '11', 'A', '2023-2024', '1'),
('GV027', 'MON10', '3', '11', 'A', '2023-2024', '1'),
('GV027', 'MON10', '4', '11', 'A', '2023-2024', '1'),
('GV027', 'MON10', '1', '11', 'P', '2023-2024', '1'),
('GV027', 'MON10', '2', '11', 'P', '2023-2024', '1'),
('GV028', 'MON10', '1', '12', 'A', '2023-2024', '1'),
('GV028', 'MON10', '2', '12', 'A', '2023-2024', '1'),
('GV028', 'MON10', '3', '12', 'A', '2023-2024', '1'),
('GV028', 'MON10', '1', '12', 'P', '2023-2024', '1'),
('GV028', 'MON10', '2', '12', 'P', '2023-2024', '1'),

('GV026', 'MON11', '1', '10', 'A', '2023-2024', '1'), -- Mon GDQP
('GV026', 'MON11', '2', '10', 'A', '2023-2024', '1'),
('GV026', 'MON11', '3', '10', 'A', '2023-2024', '1'),
('GV026', 'MON11', '1', '10', 'P', '2023-2024', '1'),
('GV026', 'MON11', '1', '11', 'A', '2023-2024', '1'),
('GV027', 'MON11', '2', '11', 'A', '2023-2024', '1'),
('GV027', 'MON11', '3', '11', 'A', '2023-2024', '1'),
('GV027', 'MON11', '4', '11', 'A', '2023-2024', '1'),
('GV027', 'MON11', '1', '11', 'P', '2023-2024', '1'),
('GV027', 'MON11', '2', '11', 'P', '2023-2024', '1'),
('GV028', 'MON11', '1', '12', 'A', '2023-2024', '1'),
('GV028', 'MON11', '2', '12', 'A', '2023-2024', '1'),
('GV028', 'MON11', '3', '12', 'A', '2023-2024', '1'),
('GV028', 'MON11', '1', '12', 'P', '2023-2024', '1'),
('GV028', 'MON11', '2', '12', 'P', '2023-2024', '1'),
--
('GV001', 'MON01', '1', '11', 'A', '2024-2025', '1'), -- Mon Toan
('GV004', 'MON01', '2', '11', 'A', '2024-2025', '1'),
('GV005', 'MON01', '3', '11', 'A', '2024-2025', '1'),
('GV002', 'MON01', '1', '11', 'P', '2024-2025', '1'),
('GV002', 'MON01', '1', '12', 'A', '2024-2025', '1'),
('GV003', 'MON01', '2', '12', 'A', '2024-2025', '1'),
('GV003', 'MON01', '3', '12', 'A', '2024-2025', '1'),
('GV003', 'MON01', '4', '12', 'A', '2024-2025', '1'),
('GV003', 'MON01', '1', '12', 'P', '2024-2025', '1'),
('GV004', 'MON01', '2', '12', 'P', '2024-2025', '1'),
('GV004', 'MON01', '1', '10', 'A', '2024-2025', '1'),
('GV004', 'MON01', '2', '10', 'A', '2024-2025', '1'),
('GV005', 'MON01', '3', '10', 'A', '2024-2025', '1'),
('GV005', 'MON01', '1', '10', 'P', '2024-2025', '1'),
('GV005', 'MON01', '2', '10', 'P', '2024-2025', '1'),

('GV001', 'MON13', '1', '11', 'A', '2024-2025', '1'), -- Mon Tin
('GV004', 'MON13', '2', '11', 'A', '2024-2025', '1'),
('GV005', 'MON13', '3', '11', 'A', '2024-2025', '1'),
('GV002', 'MON13', '1', '11', 'P', '2024-2025', '1'),
('GV002', 'MON13', '1', '12', 'A', '2024-2025', '1'),
('GV003', 'MON13', '2', '12', 'A', '2024-2025', '1'),
('GV003', 'MON13', '3', '12', 'A', '2024-2025', '1'),
('GV003', 'MON13', '4', '12', 'A', '2024-2025', '1'),
('GV003', 'MON13', '1', '12', 'P', '2024-2025', '1'),
('GV004', 'MON13', '2', '12', 'P', '2024-2025', '1'),
('GV004', 'MON13', '1', '10', 'A', '2024-2025', '1'),
('GV004', 'MON13', '2', '10', 'A', '2024-2025', '1'),
('GV005', 'MON13', '3', '10', 'A', '2024-2025', '1'),
('GV005', 'MON13', '1', '10', 'P', '2024-2025', '1'),
('GV005', 'MON13', '2', '10', 'P', '2024-2025', '1'),

('GV006', 'MON02', '1', '11', 'A', '2024-2025', '1'), -- Mon Van
('GV009', 'MON02', '2', '11', 'A', '2024-2025', '1'),
('GV010', 'MON02', '3', '11', 'A', '2024-2025', '1'),
('GV007', 'MON02', '1', '11', 'P', '2024-2025', '1'),
('GV007', 'MON02', '1', '12', 'A', '2024-2025', '1'),
('GV008', 'MON02', '2', '12', 'A', '2024-2025', '1'),
('GV008', 'MON02', '3', '12', 'A', '2024-2025', '1'),
('GV008', 'MON02', '4', '12', 'A', '2024-2025', '1'),
('GV008', 'MON02', '1', '12', 'P', '2024-2025', '1'),
('GV009', 'MON02', '2', '12', 'P', '2024-2025', '1'),
('GV009', 'MON02', '1', '10', 'A', '2024-2025', '1'),
('GV009', 'MON02', '2', '10', 'A', '2024-2025', '1'),
('GV010', 'MON02', '3', '10', 'A', '2024-2025', '1'),
('GV010', 'MON02', '1', '10', 'P', '2024-2025', '1'),
('GV010', 'MON02', '2', '10', 'P', '2024-2025', '1'),

('GV006', 'MON09', '1', '11', 'A', '2024-2025', '1'), -- Mon GDCD
('GV009', 'MON09', '2', '11', 'A', '2024-2025', '1'),
('GV010', 'MON09', '3', '11', 'A', '2024-2025', '1'),
('GV007', 'MON09', '1', '11', 'P', '2024-2025', '1'),
('GV007', 'MON09', '1', '12', 'A', '2024-2025', '1'),
('GV008', 'MON09', '2', '12', 'A', '2024-2025', '1'),
('GV008', 'MON09', '3', '12', 'A', '2024-2025', '1'),
('GV008', 'MON09', '4', '12', 'A', '2024-2025', '1'),
('GV008', 'MON09', '1', '12', 'P', '2024-2025', '1'),
('GV009', 'MON09', '2', '12', 'P', '2024-2025', '1'),
('GV009', 'MON09', '1', '10', 'A', '2024-2025', '1'),
('GV009', 'MON09', '2', '10', 'A', '2024-2025', '1'),
('GV010', 'MON09', '3', '10', 'A', '2024-2025', '1'),
('GV010', 'MON09', '1', '10', 'P', '2024-2025', '1'),
('GV010', 'MON09', '2', '10', 'P', '2024-2025', '1'),

('GV011', 'MON03', '1', '11', 'A', '2024-2025', '1'), -- Mon Anh Van
('GV011', 'MON03', '2', '11', 'A', '2024-2025', '1'),
('GV011', 'MON03', '3', '11', 'A', '2024-2025', '1'),
('GV012', 'MON03', '1', '11', 'P', '2024-2025', '1'),
('GV012', 'MON03', '1', '12', 'A', '2024-2025', '1'),
('GV012', 'MON03', '2', '12', 'A', '2024-2025', '1'),
('GV012', 'MON03', '3', '12', 'A', '2024-2025', '1'),
('GV013', 'MON03', '4', '12', 'A', '2024-2025', '1'),
('GV013', 'MON03', '1', '12', 'P', '2024-2025', '1'),
('GV013', 'MON03', '2', '12', 'P', '2024-2025', '1'),
('GV013', 'MON03', '1', '10', 'A', '2024-2025', '1'),
('GV014', 'MON03', '2', '10', 'A', '2024-2025', '1'),
('GV014', 'MON03', '3', '10', 'A', '2024-2025', '1'),
('GV014', 'MON03', '1', '10', 'P', '2024-2025', '1'),
('GV014', 'MON03', '2', '10', 'P', '2024-2025', '1'),

('GV023', 'MON04', '1', '11', 'A', '2024-2025', '1'), -- Mon Sinh hoc
('GV023', 'MON04', '2', '11', 'A', '2024-2025', '1'),
('GV023', 'MON04', '3', '11', 'A', '2024-2025', '1'),
('GV023', 'MON04', '1', '11', 'P', '2024-2025', '1'),
('GV024', 'MON04', '1', '12', 'A', '2024-2025', '1'),
('GV024', 'MON04', '2', '12', 'A', '2024-2025', '1'),
('GV024', 'MON04', '3', '12', 'A', '2024-2025', '1'),
('GV024', 'MON04', '4', '12', 'A', '2024-2025', '1'),
('GV024', 'MON04', '1', '12', 'P', '2024-2025', '1'),
('GV025', 'MON04', '2', '12', 'P', '2024-2025', '1'),
('GV025', 'MON04', '1', '10', 'A', '2024-2025', '1'),
('GV025', 'MON04', '2', '10', 'A', '2024-2025', '1'),
('GV025', 'MON04', '3', '10', 'A', '2024-2025', '1'),
('GV025', 'MON04', '1', '10', 'P', '2024-2025', '1'),
('GV025', 'MON04', '2', '10', 'P', '2024-2025', '1'),

('GV023', 'MON12', '1', '11', 'A', '2024-2025', '1'), -- Mon Cong nghe
('GV023', 'MON12', '2', '11', 'A', '2024-2025', '1'),
('GV023', 'MON12', '3', '11', 'A', '2024-2025', '1'),
('GV023', 'MON12', '1', '11', 'P', '2024-2025', '1'),
('GV024', 'MON12', '1', '12', 'A', '2024-2025', '1'),
('GV024', 'MON12', '2', '12', 'A', '2024-2025', '1'),
('GV024', 'MON12', '3', '12', 'A', '2024-2025', '1'),
('GV024', 'MON12', '4', '12', 'A', '2024-2025', '1'),
('GV024', 'MON12', '1', '12', 'P', '2024-2025', '1'),
('GV025', 'MON12', '2', '12', 'P', '2024-2025', '1'),
('GV025', 'MON12', '1', '10', 'A', '2024-2025', '1'),
('GV025', 'MON12', '2', '10', 'A', '2024-2025', '1'),
('GV025', 'MON12', '3', '10', 'A', '2024-2025', '1'),
('GV025', 'MON12', '1', '10', 'P', '2024-2025', '1'),
('GV025', 'MON12', '2', '10', 'P', '2024-2025', '1'),

('GV019', 'MON05', '1', '11', 'A', '2024-2025', '1'), -- Mon Vat ly
('GV019', 'MON05', '2', '11', 'A', '2024-2025', '1'),
('GV020', 'MON05', '3', '11', 'A', '2024-2025', '1'),
('GV020', 'MON05', '1', '11', 'P', '2024-2025', '1'),
('GV020', 'MON05', '1', '12', 'A', '2024-2025', '1'),
('GV021', 'MON05', '2', '12', 'A', '2024-2025', '1'),
('GV021', 'MON05', '3', '12', 'A', '2024-2025', '1'),
('GV021', 'MON05', '4', '12', 'A', '2024-2025', '1'),
('GV021', 'MON05', '1', '12', 'P', '2024-2025', '1'),
('GV021', 'MON05', '2', '12', 'P', '2024-2025', '1'),
('GV022', 'MON05', '1', '10', 'A', '2024-2025', '1'),
('GV022', 'MON05', '2', '10', 'A', '2024-2025', '1'),
('GV022', 'MON05', '3', '10', 'A', '2024-2025', '1'),
('GV022', 'MON05', '1', '10', 'P', '2024-2025', '1'),
('GV022', 'MON05', '2', '10', 'P', '2024-2025', '1'),

('GV019', 'MON06', '1', '11', 'A', '2024-2025', '1'), -- Mon Hoa hoc
('GV019', 'MON06', '2', '11', 'A', '2024-2025', '1'),
('GV020', 'MON06', '3', '11', 'A', '2024-2025', '1'),
('GV020', 'MON06', '1', '11', 'P', '2024-2025', '1'),
('GV020', 'MON06', '1', '12', 'A', '2024-2025', '1'),
('GV021', 'MON06', '2', '12', 'A', '2024-2025', '1'),
('GV021', 'MON06', '3', '12', 'A', '2024-2025', '1'),
('GV021', 'MON06', '4', '12', 'A', '2024-2025', '1'),
('GV021', 'MON06', '1', '12', 'P', '2024-2025', '1'),
('GV021', 'MON06', '2', '12', 'P', '2024-2025', '1'),
('GV022', 'MON06', '1', '10', 'A', '2024-2025', '1'),
('GV022', 'MON06', '2', '10', 'A', '2024-2025', '1'),
('GV022', 'MON06', '3', '10', 'A', '2024-2025', '1'),
('GV022', 'MON06', '1', '10', 'P', '2024-2025', '1'),
('GV022', 'MON06', '2', '10', 'P', '2024-2025', '1'),

('GV015', 'MON07', '1', '11', 'A', '2024-2025', '1'), -- Mon Dia ly
('GV015', 'MON07', '2', '11', 'A', '2024-2025', '1'),
('GV016', 'MON07', '3', '11', 'A', '2024-2025', '1'),
('GV016', 'MON07', '1', '11', 'P', '2024-2025', '1'),
('GV016', 'MON07', '1', '12', 'A', '2024-2025', '1'),
('GV017', 'MON07', '2', '12', 'A', '2024-2025', '1'),
('GV017', 'MON07', '3', '12', 'A', '2024-2025', '1'),
('GV017', 'MON07', '4', '12', 'A', '2024-2025', '1'),
('GV017', 'MON07', '1', '12', 'P', '2024-2025', '1'),
('GV017', 'MON07', '2', '12', 'P', '2024-2025', '1'),
('GV018', 'MON07', '1', '10', 'A', '2024-2025', '1'),
('GV018', 'MON07', '2', '10', 'A', '2024-2025', '1'),
('GV018', 'MON07', '3', '10', 'A', '2024-2025', '1'),
('GV018', 'MON07', '1', '10', 'P', '2024-2025', '1'),
('GV018', 'MON07', '2', '10', 'P', '2024-2025', '1'),

('GV015', 'MON08', '1', '11', 'A', '2024-2025', '1'), -- Mon Lich su
('GV015', 'MON08', '2', '11', 'A', '2024-2025', '1'),
('GV016', 'MON08', '3', '11', 'A', '2024-2025', '1'),
('GV016', 'MON08', '1', '11', 'P', '2024-2025', '1'),
('GV016', 'MON08', '1', '12', 'A', '2024-2025', '1'),
('GV017', 'MON08', '2', '12', 'A', '2024-2025', '1'),
('GV017', 'MON08', '3', '12', 'A', '2024-2025', '1'),
('GV017', 'MON08', '4', '12', 'A', '2024-2025', '1'),
('GV017', 'MON08', '1', '12', 'P', '2024-2025', '1'),
('GV017', 'MON08', '2', '12', 'P', '2024-2025', '1'),
('GV018', 'MON08', '1', '10', 'A', '2024-2025', '1'),
('GV018', 'MON08', '2', '10', 'A', '2024-2025', '1'),
('GV018', 'MON08', '3', '10', 'A', '2024-2025', '1'),
('GV018', 'MON08', '1', '10', 'P', '2024-2025', '1'),
('GV018', 'MON08', '2', '10', 'P', '2024-2025', '1'),

('GV026', 'MON10', '1', '11', 'A', '2024-2025', '1'), -- Mon The duc
('GV026', 'MON10', '2', '11', 'A', '2024-2025', '1'),
('GV026', 'MON10', '3', '11', 'A', '2024-2025', '1'),
('GV026', 'MON10', '1', '11', 'P', '2024-2025', '1'),
('GV026', 'MON10', '1', '12', 'A', '2024-2025', '1'),
('GV027', 'MON10', '2', '12', 'A', '2024-2025', '1'),
('GV027', 'MON10', '3', '12', 'A', '2024-2025', '1'),
('GV027', 'MON10', '4', '12', 'A', '2024-2025', '1'),
('GV027', 'MON10', '1', '12', 'P', '2024-2025', '1'),
('GV027', 'MON10', '2', '12', 'P', '2024-2025', '1'),
('GV028', 'MON10', '1', '10', 'A', '2024-2025', '1'),
('GV028', 'MON10', '2', '10', 'A', '2024-2025', '1'),
('GV028', 'MON10', '3', '10', 'A', '2024-2025', '1'),
('GV028', 'MON10', '1', '10', 'P', '2024-2025', '1'),
('GV028', 'MON10', '2', '10', 'P', '2024-2025', '1'),

('GV026', 'MON11', '1', '11', 'A', '2024-2025', '1'), -- Mon GDQP
('GV026', 'MON11', '2', '11', 'A', '2024-2025', '1'),
('GV026', 'MON11', '3', '11', 'A', '2024-2025', '1'),
('GV026', 'MON11', '1', '11', 'P', '2024-2025', '1'),
('GV026', 'MON11', '1', '12', 'A', '2024-2025', '1'),
('GV027', 'MON11', '2', '12', 'A', '2024-2025', '1'),
('GV027', 'MON11', '3', '12', 'A', '2024-2025', '1'),
('GV027', 'MON11', '4', '12', 'A', '2024-2025', '1'),
('GV027', 'MON11', '1', '12', 'P', '2024-2025', '1'),
('GV027', 'MON11', '2', '12', 'P', '2024-2025', '1'),
('GV028', 'MON11', '1', '10', 'A', '2024-2025', '1'),
('GV028', 'MON11', '2', '10', 'A', '2024-2025', '1'),
('GV028', 'MON11', '3', '10', 'A', '2024-2025', '1'),
('GV028', 'MON11', '1', '10', 'P', '2024-2025', '1'),
('GV028', 'MON11', '2', '10', 'P', '2024-2025', '1'),

('GV001', 'MON01', '1', '10', 'A', '2023-2024', '2'), -- Mon Toan
('GV004', 'MON01', '2', '10', 'A', '2023-2024', '2'),
('GV005', 'MON01', '3', '10', 'A', '2023-2024', '2'),
('GV002', 'MON01', '1', '10', 'P', '2023-2024', '2'),
('GV002', 'MON01', '1', '11', 'A', '2023-2024', '2'),
('GV003', 'MON01', '2', '11', 'A', '2023-2024', '2'),
('GV003', 'MON01', '3', '11', 'A', '2023-2024', '2'),
('GV003', 'MON01', '4', '11', 'A', '2023-2024', '2'),
('GV003', 'MON01', '1', '11', 'P', '2023-2024', '2'),
('GV004', 'MON01', '2', '11', 'P', '2023-2024', '2'),
('GV004', 'MON01', '1', '12', 'A', '2023-2024', '2'),
('GV004', 'MON01', '2', '12', 'A', '2023-2024', '2'),
('GV005', 'MON01', '3', '12', 'A', '2023-2024', '2'),
('GV005', 'MON01', '1', '12', 'P', '2023-2024', '2'),
('GV005', 'MON01', '2', '12', 'P', '2023-2024', '2'),

('GV001', 'MON13', '1', '10', 'A', '2023-2024', '2'), -- Mon Tin
('GV004', 'MON13', '2', '10', 'A', '2023-2024', '2'),
('GV005', 'MON13', '3', '10', 'A', '2023-2024', '2'),
('GV002', 'MON13', '1', '10', 'P', '2023-2024', '2'),
('GV002', 'MON13', '1', '11', 'A', '2023-2024', '2'),
('GV003', 'MON13', '2', '11', 'A', '2023-2024', '2'),
('GV003', 'MON13', '3', '11', 'A', '2023-2024', '2'),
('GV003', 'MON13', '4', '11', 'A', '2023-2024', '2'),
('GV003', 'MON13', '1', '11', 'P', '2023-2024', '2'),
('GV004', 'MON13', '2', '11', 'P', '2023-2024', '2'),
('GV004', 'MON13', '1', '12', 'A', '2023-2024', '2'),
('GV004', 'MON13', '2', '12', 'A', '2023-2024', '2'),
('GV005', 'MON13', '3', '12', 'A', '2023-2024', '2'),
('GV005', 'MON13', '1', '12', 'P', '2023-2024', '2'),
('GV005', 'MON13', '2', '12', 'P', '2023-2024', '2'),

('GV006', 'MON02', '1', '10', 'A', '2023-2024', '2'), -- Mon Van
('GV009', 'MON02', '2', '10', 'A', '2023-2024', '2'),
('GV010', 'MON02', '3', '10', 'A', '2023-2024', '2'),
('GV007', 'MON02', '1', '10', 'P', '2023-2024', '2'),
('GV007', 'MON02', '1', '11', 'A', '2023-2024', '2'),
('GV008', 'MON02', '2', '11', 'A', '2023-2024', '2'),
('GV008', 'MON02', '3', '11', 'A', '2023-2024', '2'),
('GV008', 'MON02', '4', '11', 'A', '2023-2024', '2'),
('GV008', 'MON02', '1', '11', 'P', '2023-2024', '2'),
('GV009', 'MON02', '2', '11', 'P', '2023-2024', '2'),
('GV009', 'MON02', '1', '12', 'A', '2023-2024', '2'),
('GV009', 'MON02', '2', '12', 'A', '2023-2024', '2'),
('GV010', 'MON02', '3', '12', 'A', '2023-2024', '2'),
('GV010', 'MON02', '1', '12', 'P', '2023-2024', '2'),
('GV010', 'MON02', '2', '12', 'P', '2023-2024', '2'),

('GV006', 'MON09', '1', '10', 'A', '2023-2024', '2'), -- Mon GDCD
('GV009', 'MON09', '2', '10', 'A', '2023-2024', '2'),
('GV010', 'MON09', '3', '10', 'A', '2023-2024', '2'),
('GV007', 'MON09', '1', '10', 'P', '2023-2024', '2'),
('GV007', 'MON09', '1', '11', 'A', '2023-2024', '2'),
('GV008', 'MON09', '2', '11', 'A', '2023-2024', '2'),
('GV008', 'MON09', '3', '11', 'A', '2023-2024', '2'),
('GV008', 'MON09', '4', '11', 'A', '2023-2024', '2'),
('GV008', 'MON09', '1', '11', 'P', '2023-2024', '2'),
('GV009', 'MON09', '2', '11', 'P', '2023-2024', '2'),
('GV009', 'MON09', '1', '12', 'A', '2023-2024', '2'),
('GV009', 'MON09', '2', '12', 'A', '2023-2024', '2'),
('GV010', 'MON09', '3', '12', 'A', '2023-2024', '2'),
('GV010', 'MON09', '1', '12', 'P', '2023-2024', '2'),
('GV010', 'MON09', '2', '12', 'P', '2023-2024', '2'),

('GV011', 'MON03', '1', '10', 'A', '2023-2024', '2'), -- Mon Anh Van
('GV011', 'MON03', '2', '10', 'A', '2023-2024', '2'),
('GV011', 'MON03', '3', '10', 'A', '2023-2024', '2'),
('GV012', 'MON03', '1', '10', 'P', '2023-2024', '2'),
('GV012', 'MON03', '1', '11', 'A', '2023-2024', '2'),
('GV012', 'MON03', '2', '11', 'A', '2023-2024', '2'),
('GV012', 'MON03', '3', '11', 'A', '2023-2024', '2'),
('GV013', 'MON03', '4', '11', 'A', '2023-2024', '2'),
('GV013', 'MON03', '1', '11', 'P', '2023-2024', '2'),
('GV013', 'MON03', '2', '11', 'P', '2023-2024', '2'),
('GV013', 'MON03', '1', '12', 'A', '2023-2024', '2'),
('GV014', 'MON03', '2', '12', 'A', '2023-2024', '2'),
('GV014', 'MON03', '3', '12', 'A', '2023-2024', '2'),
('GV014', 'MON03', '1', '12', 'P', '2023-2024', '2'),
('GV014', 'MON03', '2', '12', 'P', '2023-2024', '2'),

('GV023', 'MON04', '1', '10', 'A', '2023-2024', '2'), -- Mon Sinh hoc
('GV023', 'MON04', '2', '10', 'A', '2023-2024', '2'),
('GV023', 'MON04', '3', '10', 'A', '2023-2024', '2'),
('GV023', 'MON04', '1', '10', 'P', '2023-2024', '2'),
('GV024', 'MON04', '1', '11', 'A', '2023-2024', '2'),
('GV024', 'MON04', '2', '11', 'A', '2023-2024', '2'),
('GV024', 'MON04', '3', '11', 'A', '2023-2024', '2'),
('GV024', 'MON04', '4', '11', 'A', '2023-2024', '2'),
('GV024', 'MON04', '1', '11', 'P', '2023-2024', '2'),
('GV025', 'MON04', '2', '11', 'P', '2023-2024', '2'),
('GV025', 'MON04', '1', '12', 'A', '2023-2024', '2'),
('GV025', 'MON04', '2', '12', 'A', '2023-2024', '2'),
('GV025', 'MON04', '3', '12', 'A', '2023-2024', '2'),
('GV025', 'MON04', '1', '12', 'P', '2023-2024', '2'),
('GV025', 'MON04', '2', '12', 'P', '2023-2024', '2'),

('GV023', 'MON12', '1', '10', 'A', '2023-2024', '2'), -- Mon Cong nghe
('GV023', 'MON12', '2', '10', 'A', '2023-2024', '2'),
('GV023', 'MON12', '3', '10', 'A', '2023-2024', '2'),
('GV023', 'MON12', '1', '10', 'P', '2023-2024', '2'),
('GV024', 'MON12', '1', '11', 'A', '2023-2024', '2'),
('GV024', 'MON12', '2', '11', 'A', '2023-2024', '2'),
('GV024', 'MON12', '3', '11', 'A', '2023-2024', '2'),
('GV024', 'MON12', '4', '11', 'A', '2023-2024', '2'),
('GV024', 'MON12', '1', '11', 'P', '2023-2024', '2'),
('GV025', 'MON12', '2', '11', 'P', '2023-2024', '2'),
('GV025', 'MON12', '1', '12', 'A', '2023-2024', '2'),
('GV025', 'MON12', '2', '12', 'A', '2023-2024', '2'),
('GV025', 'MON12', '3', '12', 'A', '2023-2024', '2'),
('GV025', 'MON12', '1', '12', 'P', '2023-2024', '2'),
('GV025', 'MON12', '2', '12', 'P', '2023-2024', '2'),

('GV019', 'MON05', '1', '10', 'A', '2023-2024', '2'), -- Mon Vat ly
('GV019', 'MON05', '2', '10', 'A', '2023-2024', '2'),
('GV020', 'MON05', '3', '10', 'A', '2023-2024', '2'),
('GV020', 'MON05', '1', '10', 'P', '2023-2024', '2'),
('GV020', 'MON05', '1', '11', 'A', '2023-2024', '2'),
('GV021', 'MON05', '2', '11', 'A', '2023-2024', '2'),
('GV021', 'MON05', '3', '11', 'A', '2023-2024', '2'),
('GV021', 'MON05', '4', '11', 'A', '2023-2024', '2'),
('GV021', 'MON05', '1', '11', 'P', '2023-2024', '2'),
('GV021', 'MON05', '2', '11', 'P', '2023-2024', '2'),
('GV022', 'MON05', '1', '12', 'A', '2023-2024', '2'),
('GV022', 'MON05', '2', '12', 'A', '2023-2024', '2'),
('GV022', 'MON05', '3', '12', 'A', '2023-2024', '2'),
('GV022', 'MON05', '1', '12', 'P', '2023-2024', '2'),
('GV022', 'MON05', '2', '12', 'P', '2023-2024', '2'),

('GV019', 'MON06', '1', '10', 'A', '2023-2024', '2'), -- Mon Hoa hoc
('GV019', 'MON06', '2', '10', 'A', '2023-2024', '2'),
('GV020', 'MON06', '3', '10', 'A', '2023-2024', '2'),
('GV020', 'MON06', '1', '10', 'P', '2023-2024', '2'),
('GV020', 'MON06', '1', '11', 'A', '2023-2024', '2'),
('GV021', 'MON06', '2', '11', 'A', '2023-2024', '2'),
('GV021', 'MON06', '3', '11', 'A', '2023-2024', '2'),
('GV021', 'MON06', '4', '11', 'A', '2023-2024', '2'),
('GV021', 'MON06', '1', '11', 'P', '2023-2024', '2'),
('GV021', 'MON06', '2', '11', 'P', '2023-2024', '2'),
('GV022', 'MON06', '1', '12', 'A', '2023-2024', '2'),
('GV022', 'MON06', '2', '12', 'A', '2023-2024', '2'),
('GV022', 'MON06', '3', '12', 'A', '2023-2024', '2'),
('GV022', 'MON06', '1', '12', 'P', '2023-2024', '2'),
('GV022', 'MON06', '2', '12', 'P', '2023-2024', '2'),

('GV015', 'MON07', '1', '10', 'A', '2023-2024', '2'), -- Mon Dia ly
('GV015', 'MON07', '2', '10', 'A', '2023-2024', '2'),
('GV016', 'MON07', '3', '10', 'A', '2023-2024', '2'),
('GV016', 'MON07', '1', '10', 'P', '2023-2024', '2'),
('GV016', 'MON07', '1', '11', 'A', '2023-2024', '2'),
('GV017', 'MON07', '2', '11', 'A', '2023-2024', '2'),
('GV017', 'MON07', '3', '11', 'A', '2023-2024', '2'),
('GV017', 'MON07', '4', '11', 'A', '2023-2024', '2'),
('GV017', 'MON07', '1', '11', 'P', '2023-2024', '2'),
('GV017', 'MON07', '2', '11', 'P', '2023-2024', '2'),
('GV018', 'MON07', '1', '12', 'A', '2023-2024', '2'),
('GV018', 'MON07', '2', '12', 'A', '2023-2024', '2'),
('GV018', 'MON07', '3', '12', 'A', '2023-2024', '2'),
('GV018', 'MON07', '1', '12', 'P', '2023-2024', '2'),
('GV018', 'MON07', '2', '12', 'P', '2023-2024', '2'),

('GV015', 'MON08', '1', '10', 'A', '2023-2024', '2'), -- Mon Lich su
('GV015', 'MON08', '2', '10', 'A', '2023-2024', '2'),
('GV016', 'MON08', '3', '10', 'A', '2023-2024', '2'),
('GV016', 'MON08', '1', '10', 'P', '2023-2024', '2'),
('GV016', 'MON08', '1', '11', 'A', '2023-2024', '2'),
('GV017', 'MON08', '2', '11', 'A', '2023-2024', '2'),
('GV017', 'MON08', '3', '11', 'A', '2023-2024', '2'),
('GV017', 'MON08', '4', '11', 'A', '2023-2024', '2'),
('GV017', 'MON08', '1', '11', 'P', '2023-2024', '2'),
('GV017', 'MON08', '2', '11', 'P', '2023-2024', '2'),
('GV018', 'MON08', '1', '12', 'A', '2023-2024', '2'),
('GV018', 'MON08', '2', '12', 'A', '2023-2024', '2'),
('GV018', 'MON08', '3', '12', 'A', '2023-2024', '2'),
('GV018', 'MON08', '1', '12', 'P', '2023-2024', '2'),
('GV018', 'MON08', '2', '12', 'P', '2023-2024', '2'),

('GV026', 'MON10', '1', '10', 'A', '2023-2024', '2'), -- Mon The duc
('GV026', 'MON10', '2', '10', 'A', '2023-2024', '2'),
('GV026', 'MON10', '3', '10', 'A', '2023-2024', '2'),
('GV026', 'MON10', '1', '10', 'P', '2023-2024', '2'),
('GV026', 'MON10', '1', '11', 'A', '2023-2024', '2'),
('GV027', 'MON10', '2', '11', 'A', '2023-2024', '2'),
('GV027', 'MON10', '3', '11', 'A', '2023-2024', '2'),
('GV027', 'MON10', '4', '11', 'A', '2023-2024', '2'),
('GV027', 'MON10', '1', '11', 'P', '2023-2024', '2'),
('GV027', 'MON10', '2', '11', 'P', '2023-2024', '2'),
('GV028', 'MON10', '1', '12', 'A', '2023-2024', '2'),
('GV028', 'MON10', '2', '12', 'A', '2023-2024', '2'),
('GV028', 'MON10', '3', '12', 'A', '2023-2024', '2'),
('GV028', 'MON10', '1', '12', 'P', '2023-2024', '2'),
('GV028', 'MON10', '2', '12', 'P', '2023-2024', '2'),

('GV026', 'MON11', '1', '10', 'A', '2023-2024', '2'), -- Mon GDQP
('GV026', 'MON11', '2', '10', 'A', '2023-2024', '2'),
('GV026', 'MON11', '3', '10', 'A', '2023-2024', '2'),
('GV026', 'MON11', '1', '10', 'P', '2023-2024', '2'),
('GV026', 'MON11', '1', '11', 'A', '2023-2024', '2'),
('GV027', 'MON11', '2', '11', 'A', '2023-2024', '2'),
('GV027', 'MON11', '3', '11', 'A', '2023-2024', '2'),
('GV027', 'MON11', '4', '11', 'A', '2023-2024', '2'),
('GV027', 'MON11', '1', '11', 'P', '2023-2024', '2'),
('GV027', 'MON11', '2', '11', 'P', '2023-2024', '2'),
('GV028', 'MON11', '1', '12', 'A', '2023-2024', '2'),
('GV028', 'MON11', '2', '12', 'A', '2023-2024', '2'),
('GV028', 'MON11', '3', '12', 'A', '2023-2024', '2'),
('GV028', 'MON11', '1', '12', 'P', '2023-2024', '2'),
('GV028', 'MON11', '2', '12', 'P', '2023-2024', '2'),
--
('GV001', 'MON01', '1', '11', 'A', '2024-2025', '2'), -- Mon Toan
('GV004', 'MON01', '2', '11', 'A', '2024-2025', '2'),
('GV005', 'MON01', '3', '11', 'A', '2024-2025', '2'),
('GV002', 'MON01', '1', '11', 'P', '2024-2025', '2'),
('GV002', 'MON01', '1', '12', 'A', '2024-2025', '2'),
('GV003', 'MON01', '2', '12', 'A', '2024-2025', '2'),
('GV003', 'MON01', '3', '12', 'A', '2024-2025', '2'),
('GV003', 'MON01', '4', '12', 'A', '2024-2025', '2'),
('GV003', 'MON01', '1', '12', 'P', '2024-2025', '2'),
('GV004', 'MON01', '2', '12', 'P', '2024-2025', '2'),
('GV004', 'MON01', '1', '10', 'A', '2024-2025', '2'),
('GV004', 'MON01', '2', '10', 'A', '2024-2025', '2'),
('GV005', 'MON01', '3', '10', 'A', '2024-2025', '2'),
('GV005', 'MON01', '1', '10', 'P', '2024-2025', '2'),
('GV005', 'MON01', '2', '10', 'P', '2024-2025', '2'),

('GV001', 'MON13', '1', '11', 'A', '2024-2025', '2'), -- Mon Tin
('GV004', 'MON13', '2', '11', 'A', '2024-2025', '2'),
('GV005', 'MON13', '3', '11', 'A', '2024-2025', '2'),
('GV002', 'MON13', '1', '11', 'P', '2024-2025', '2'),
('GV002', 'MON13', '1', '12', 'A', '2024-2025', '2'),
('GV003', 'MON13', '2', '12', 'A', '2024-2025', '2'),
('GV003', 'MON13', '3', '12', 'A', '2024-2025', '2'),
('GV003', 'MON13', '4', '12', 'A', '2024-2025', '2'),
('GV003', 'MON13', '1', '12', 'P', '2024-2025', '2'),
('GV004', 'MON13', '2', '12', 'P', '2024-2025', '2'),
('GV004', 'MON13', '1', '10', 'A', '2024-2025', '2'),
('GV004', 'MON13', '2', '10', 'A', '2024-2025', '2'),
('GV005', 'MON13', '3', '10', 'A', '2024-2025', '2'),
('GV005', 'MON13', '1', '10', 'P', '2024-2025', '2'),
('GV005', 'MON13', '2', '10', 'P', '2024-2025', '2'),

('GV006', 'MON02', '1', '11', 'A', '2024-2025', '2'), -- Mon Van
('GV009', 'MON02', '2', '11', 'A', '2024-2025', '2'),
('GV010', 'MON02', '3', '11', 'A', '2024-2025', '2'),
('GV007', 'MON02', '1', '11', 'P', '2024-2025', '2'),
('GV007', 'MON02', '1', '12', 'A', '2024-2025', '2'),
('GV008', 'MON02', '2', '12', 'A', '2024-2025', '2'),
('GV008', 'MON02', '3', '12', 'A', '2024-2025', '2'),
('GV008', 'MON02', '4', '12', 'A', '2024-2025', '2'),
('GV008', 'MON02', '1', '12', 'P', '2024-2025', '2'),
('GV009', 'MON02', '2', '12', 'P', '2024-2025', '2'),
('GV009', 'MON02', '1', '10', 'A', '2024-2025', '2'),
('GV009', 'MON02', '2', '10', 'A', '2024-2025', '2'),
('GV010', 'MON02', '3', '10', 'A', '2024-2025', '2'),
('GV010', 'MON02', '1', '10', 'P', '2024-2025', '2'),
('GV010', 'MON02', '2', '10', 'P', '2024-2025', '2'),

('GV006', 'MON09', '1', '11', 'A', '2024-2025', '2'), -- Mon GDCD
('GV009', 'MON09', '2', '11', 'A', '2024-2025', '2'),
('GV010', 'MON09', '3', '11', 'A', '2024-2025', '2'),
('GV007', 'MON09', '1', '11', 'P', '2024-2025', '2'),
('GV007', 'MON09', '1', '12', 'A', '2024-2025', '2'),
('GV008', 'MON09', '2', '12', 'A', '2024-2025', '2'),
('GV008', 'MON09', '3', '12', 'A', '2024-2025', '2'),
('GV008', 'MON09', '4', '12', 'A', '2024-2025', '2'),
('GV008', 'MON09', '1', '12', 'P', '2024-2025', '2'),
('GV009', 'MON09', '2', '12', 'P', '2024-2025', '2'),
('GV009', 'MON09', '1', '10', 'A', '2024-2025', '2'),
('GV009', 'MON09', '2', '10', 'A', '2024-2025', '2'),
('GV010', 'MON09', '3', '10', 'A', '2024-2025', '2'),
('GV010', 'MON09', '1', '10', 'P', '2024-2025', '2'),
('GV010', 'MON09', '2', '10', 'P', '2024-2025', '2'),

('GV011', 'MON03', '1', '11', 'A', '2024-2025', '2'), -- Mon Anh Van
('GV011', 'MON03', '2', '11', 'A', '2024-2025', '2'),
('GV011', 'MON03', '3', '11', 'A', '2024-2025', '2'),
('GV012', 'MON03', '1', '11', 'P', '2024-2025', '2'),
('GV012', 'MON03', '1', '12', 'A', '2024-2025', '2'),
('GV012', 'MON03', '2', '12', 'A', '2024-2025', '2'),
('GV012', 'MON03', '3', '12', 'A', '2024-2025', '2'),
('GV013', 'MON03', '4', '12', 'A', '2024-2025', '2'),
('GV013', 'MON03', '1', '12', 'P', '2024-2025', '2'),
('GV013', 'MON03', '2', '12', 'P', '2024-2025', '2'),
('GV013', 'MON03', '1', '10', 'A', '2024-2025', '2'),
('GV014', 'MON03', '2', '10', 'A', '2024-2025', '2'),
('GV014', 'MON03', '3', '10', 'A', '2024-2025', '2'),
('GV014', 'MON03', '1', '10', 'P', '2024-2025', '2'),
('GV014', 'MON03', '2', '10', 'P', '2024-2025', '2'),

('GV023', 'MON04', '1', '11', 'A', '2024-2025', '2'), -- Mon Sinh hoc
('GV023', 'MON04', '2', '11', 'A', '2024-2025', '2'),
('GV023', 'MON04', '3', '11', 'A', '2024-2025', '2'),
('GV023', 'MON04', '1', '11', 'P', '2024-2025', '2'),
('GV024', 'MON04', '1', '12', 'A', '2024-2025', '2'),
('GV024', 'MON04', '2', '12', 'A', '2024-2025', '2'),
('GV024', 'MON04', '3', '12', 'A', '2024-2025', '2'),
('GV024', 'MON04', '4', '12', 'A', '2024-2025', '2'),
('GV024', 'MON04', '1', '12', 'P', '2024-2025', '2'),
('GV025', 'MON04', '2', '12', 'P', '2024-2025', '2'),
('GV025', 'MON04', '1', '10', 'A', '2024-2025', '2'),
('GV025', 'MON04', '2', '10', 'A', '2024-2025', '2'),
('GV025', 'MON04', '3', '10', 'A', '2024-2025', '2'),
('GV025', 'MON04', '1', '10', 'P', '2024-2025', '2'),
('GV025', 'MON04', '2', '10', 'P', '2024-2025', '2'),

('GV023', 'MON12', '1', '11', 'A', '2024-2025', '2'), -- Mon Cong nghe
('GV023', 'MON12', '2', '11', 'A', '2024-2025', '2'),
('GV023', 'MON12', '3', '11', 'A', '2024-2025', '2'),
('GV023', 'MON12', '1', '11', 'P', '2024-2025', '2'),
('GV024', 'MON12', '1', '12', 'A', '2024-2025', '2'),
('GV024', 'MON12', '2', '12', 'A', '2024-2025', '2'),
('GV024', 'MON12', '3', '12', 'A', '2024-2025', '2'),
('GV024', 'MON12', '4', '12', 'A', '2024-2025', '2'),
('GV024', 'MON12', '1', '12', 'P', '2024-2025', '2'),
('GV025', 'MON12', '2', '12', 'P', '2024-2025', '2'),
('GV025', 'MON12', '1', '10', 'A', '2024-2025', '2'),
('GV025', 'MON12', '2', '10', 'A', '2024-2025', '2'),
('GV025', 'MON12', '3', '10', 'A', '2024-2025', '2'),
('GV025', 'MON12', '1', '10', 'P', '2024-2025', '2'),
('GV025', 'MON12', '2', '10', 'P', '2024-2025', '2'),

('GV019', 'MON05', '1', '11', 'A', '2024-2025', '2'), -- Mon Vat ly
('GV019', 'MON05', '2', '11', 'A', '2024-2025', '2'),
('GV020', 'MON05', '3', '11', 'A', '2024-2025', '2'),
('GV020', 'MON05', '1', '11', 'P', '2024-2025', '2'),
('GV020', 'MON05', '1', '12', 'A', '2024-2025', '2'),
('GV021', 'MON05', '2', '12', 'A', '2024-2025', '2'),
('GV021', 'MON05', '3', '12', 'A', '2024-2025', '2'),
('GV021', 'MON05', '4', '12', 'A', '2024-2025', '2'),
('GV021', 'MON05', '1', '12', 'P', '2024-2025', '2'),
('GV021', 'MON05', '2', '12', 'P', '2024-2025', '2'),
('GV022', 'MON05', '1', '10', 'A', '2024-2025', '2'),
('GV022', 'MON05', '2', '10', 'A', '2024-2025', '2'),
('GV022', 'MON05', '3', '10', 'A', '2024-2025', '2'),
('GV022', 'MON05', '1', '10', 'P', '2024-2025', '2'),
('GV022', 'MON05', '2', '10', 'P', '2024-2025', '2'),

('GV019', 'MON06', '1', '11', 'A', '2024-2025', '2'), -- Mon Hoa hoc
('GV019', 'MON06', '2', '11', 'A', '2024-2025', '2'),
('GV020', 'MON06', '3', '11', 'A', '2024-2025', '2'),
('GV020', 'MON06', '1', '11', 'P', '2024-2025', '2'),
('GV020', 'MON06', '1', '12', 'A', '2024-2025', '2'),
('GV021', 'MON06', '2', '12', 'A', '2024-2025', '2'),
('GV021', 'MON06', '3', '12', 'A', '2024-2025', '2'),
('GV021', 'MON06', '4', '12', 'A', '2024-2025', '2'),
('GV021', 'MON06', '1', '12', 'P', '2024-2025', '2'),
('GV021', 'MON06', '2', '12', 'P', '2024-2025', '2'),
('GV022', 'MON06', '1', '10', 'A', '2024-2025', '2'),
('GV022', 'MON06', '2', '10', 'A', '2024-2025', '2'),
('GV022', 'MON06', '3', '10', 'A', '2024-2025', '2'),
('GV022', 'MON06', '1', '10', 'P', '2024-2025', '2'),
('GV022', 'MON06', '2', '10', 'P', '2024-2025', '2'),

('GV015', 'MON07', '1', '11', 'A', '2024-2025', '2'), -- Mon Dia ly
('GV015', 'MON07', '2', '11', 'A', '2024-2025', '2'),
('GV016', 'MON07', '3', '11', 'A', '2024-2025', '2'),
('GV016', 'MON07', '1', '11', 'P', '2024-2025', '2'),
('GV016', 'MON07', '1', '12', 'A', '2024-2025', '2'),
('GV017', 'MON07', '2', '12', 'A', '2024-2025', '2'),
('GV017', 'MON07', '3', '12', 'A', '2024-2025', '2'),
('GV017', 'MON07', '4', '12', 'A', '2024-2025', '2'),
('GV017', 'MON07', '1', '12', 'P', '2024-2025', '2'),
('GV017', 'MON07', '2', '12', 'P', '2024-2025', '2'),
('GV018', 'MON07', '1', '10', 'A', '2024-2025', '2'),
('GV018', 'MON07', '2', '10', 'A', '2024-2025', '2'),
('GV018', 'MON07', '3', '10', 'A', '2024-2025', '2'),
('GV018', 'MON07', '1', '10', 'P', '2024-2025', '2'),
('GV018', 'MON07', '2', '10', 'P', '2024-2025', '2'),

('GV015', 'MON08', '1', '11', 'A', '2024-2025', '2'), -- Mon Lich su
('GV015', 'MON08', '2', '11', 'A', '2024-2025', '2'),
('GV016', 'MON08', '3', '11', 'A', '2024-2025', '2'),
('GV016', 'MON08', '1', '11', 'P', '2024-2025', '2'),
('GV016', 'MON08', '1', '12', 'A', '2024-2025', '2'),
('GV017', 'MON08', '2', '12', 'A', '2024-2025', '2'),
('GV017', 'MON08', '3', '12', 'A', '2024-2025', '2'),
('GV017', 'MON08', '4', '12', 'A', '2024-2025', '2'),
('GV017', 'MON08', '1', '12', 'P', '2024-2025', '2'),
('GV017', 'MON08', '2', '12', 'P', '2024-2025', '2'),
('GV018', 'MON08', '1', '10', 'A', '2024-2025', '2'),
('GV018', 'MON08', '2', '10', 'A', '2024-2025', '2'),
('GV018', 'MON08', '3', '10', 'A', '2024-2025', '2'),
('GV018', 'MON08', '1', '10', 'P', '2024-2025', '2'),
('GV018', 'MON08', '2', '10', 'P', '2024-2025', '2'),

('GV026', 'MON10', '1', '11', 'A', '2024-2025', '2'), -- Mon The duc
('GV026', 'MON10', '2', '11', 'A', '2024-2025', '2'),
('GV026', 'MON10', '3', '11', 'A', '2024-2025', '2'),
('GV026', 'MON10', '1', '11', 'P', '2024-2025', '2'),
('GV026', 'MON10', '1', '12', 'A', '2024-2025', '2'),
('GV027', 'MON10', '2', '12', 'A', '2024-2025', '2'),
('GV027', 'MON10', '3', '12', 'A', '2024-2025', '2'),
('GV027', 'MON10', '4', '12', 'A', '2024-2025', '2'),
('GV027', 'MON10', '1', '12', 'P', '2024-2025', '2'),
('GV027', 'MON10', '2', '12', 'P', '2024-2025', '2'),
('GV028', 'MON10', '1', '10', 'A', '2024-2025', '2'),
('GV028', 'MON10', '2', '10', 'A', '2024-2025', '2'),
('GV028', 'MON10', '3', '10', 'A', '2024-2025', '2'),
('GV028', 'MON10', '1', '10', 'P', '2024-2025', '2'),
('GV028', 'MON10', '2', '10', 'P', '2024-2025', '2'),

('GV026', 'MON11', '1', '11', 'A', '2024-2025', '2'), -- Mon GDQP
('GV026', 'MON11', '2', '11', 'A', '2024-2025', '2'),
('GV026', 'MON11', '3', '11', 'A', '2024-2025', '2'),
('GV026', 'MON11', '1', '11', 'P', '2024-2025', '2'),
('GV026', 'MON11', '1', '12', 'A', '2024-2025', '2'),
('GV027', 'MON11', '2', '12', 'A', '2024-2025', '2'),
('GV027', 'MON11', '3', '12', 'A', '2024-2025', '2'),
('GV027', 'MON11', '4', '12', 'A', '2024-2025', '2'),
('GV027', 'MON11', '1', '12', 'P', '2024-2025', '2'),
('GV027', 'MON11', '2', '12', 'P', '2024-2025', '2'),
('GV028', 'MON11', '1', '10', 'A', '2024-2025', '2'),
('GV028', 'MON11', '2', '10', 'A', '2024-2025', '2'),
('GV028', 'MON11', '3', '10', 'A', '2024-2025', '2'),
('GV028', 'MON11', '1', '10', 'P', '2024-2025', '2'),
('GV028', 'MON11', '2', '10', 'P', '2024-2025', '2');

CREATE TABLE congtacgiangday(
  M_Ma char(5) NOT NULL,
  K_Khoi char(2) NOT NULL,
  HK_HocKy char(1) NOT NULL,
  NH_NamHoc char(9) NOT NULL,
  CTGD_SoTietTuan int NOT NULL,
  PRIMARY KEY (M_Ma, K_Khoi, HK_HocKy, NH_NamHoc),
  FOREIGN KEY (M_Ma) REFERENCES monhoc (M_Ma) ON DELETE CASCADE ON UPDATE CASCADE,
  FOREIGN KEY (K_Khoi) REFERENCES khoi (K_Khoi) ON DELETE CASCADE ON UPDATE CASCADE,
  FOREIGN KEY (HK_HocKy) REFERENCES hocky (HK_HocKy) ON DELETE CASCADE ON UPDATE CASCADE,
  FOREIGN KEY (NH_NamHoc) REFERENCES namhoc (NH_NamHoc) ON DELETE CASCADE ON UPDATE CASCADE
)ENGINE=InnoDB;

INSERT INTO congtacgiangday(M_Ma, K_Khoi, HK_HocKy, NH_NamHoc, CTGD_SoTietTuan) VALUES
('MON01', '10', '1', '2023-2024', 4),
('MON02', '10', '1', '2023-2024', 4),
('MON03', '10', '1', '2023-2024', 3),
('MON04', '10', '1', '2023-2024', 2),
('MON05', '10', '1', '2023-2024', 2),
('MON06', '10', '1', '2023-2024', 2),
('MON07', '10', '1', '2023-2024', 2),
('MON08', '10', '1', '2023-2024', 2),
('MON09', '10', '1', '2023-2024', 1),
('MON10', '10', '1', '2023-2024', 1),
('MON11', '10', '1', '2023-2024', 1),
('MON12', '10', '1', '2023-2024', 1),
('MON13', '10', '1', '2023-2024', 1),

('MON01', '11', '1', '2023-2024', 4),
('MON02', '11', '1', '2023-2024', 4),
('MON03', '11', '1', '2023-2024', 3),
('MON04', '11', '1', '2023-2024', 2),
('MON05', '11', '1', '2023-2024', 2),
('MON06', '11', '1', '2023-2024', 2),
('MON07', '11', '1', '2023-2024', 2),
('MON08', '11', '1', '2023-2024', 2),
('MON09', '11', '1', '2023-2024', 1),
('MON10', '11', '1', '2023-2024', 1),
('MON11', '11', '1', '2023-2024', 1),
('MON12', '11', '1', '2023-2024', 1),
('MON13', '11', '1', '2023-2024', 1),

('MON01', '12', '1', '2023-2024', 4),
('MON02', '12', '1', '2023-2024', 4),
('MON03', '12', '1', '2023-2024', 3),
('MON04', '12', '1', '2023-2024', 2),
('MON05', '12', '1', '2023-2024', 2),
('MON06', '12', '1', '2023-2024', 2),
('MON07', '12', '1', '2023-2024', 2),
('MON08', '12', '1', '2023-2024', 2),
('MON09', '12', '1', '2023-2024', 1),
('MON10', '12', '1', '2023-2024', 1),
('MON11', '12', '1', '2023-2024', 1),
('MON12', '12', '1', '2023-2024', 1),
('MON13', '12', '1', '2023-2024', 1),

('MON01', '10', '2', '2023-2024', 4),
('MON02', '10', '2', '2023-2024', 4),
('MON03', '10', '2', '2023-2024', 3),
('MON04', '10', '2', '2023-2024', 2),
('MON05', '10', '2', '2023-2024', 2),
('MON06', '10', '2', '2023-2024', 2),
('MON07', '10', '2', '2023-2024', 2),
('MON08', '10', '2', '2023-2024', 2),
('MON09', '10', '2', '2023-2024', 1),
('MON10', '10', '2', '2023-2024', 1),
('MON11', '10', '2', '2023-2024', 1),
('MON12', '10', '2', '2023-2024', 1),
('MON13', '10', '2', '2023-2024', 1),

('MON01', '11', '2', '2023-2024', 4),
('MON02', '11', '2', '2023-2024', 4),
('MON03', '11', '2', '2023-2024', 3),
('MON04', '11', '2', '2023-2024', 2),
('MON05', '11', '2', '2023-2024', 2),
('MON06', '11', '2', '2023-2024', 2),
('MON07', '11', '2', '2023-2024', 2),
('MON08', '11', '2', '2023-2024', 2),
('MON09', '11', '2', '2023-2024', 1),
('MON10', '11', '2', '2023-2024', 1),
('MON11', '11', '2', '2023-2024', 1),
('MON12', '11', '2', '2023-2024', 1),
('MON13', '11', '2', '2023-2024', 1),

('MON01', '12', '2', '2023-2024', 4),
('MON02', '12', '2', '2023-2024', 4),
('MON03', '12', '2', '2023-2024', 3),
('MON04', '12', '2', '2023-2024', 2),
('MON05', '12', '2', '2023-2024', 2),
('MON06', '12', '2', '2023-2024', 2),
('MON07', '12', '2', '2023-2024', 2),
('MON08', '12', '2', '2023-2024', 2),
('MON09', '12', '2', '2023-2024', 1),
('MON10', '12', '2', '2023-2024', 1),
('MON11', '12', '2', '2023-2024', 1),
('MON12', '12', '2', '2023-2024', 1),
('MON13', '12', '2', '2023-2024', 1),

('MON01', '10', '1', '2024-2025', 4),
('MON02', '10', '1', '2024-2025', 4),
('MON03', '10', '1', '2024-2025', 3),
('MON04', '10', '1', '2024-2025', 2),
('MON05', '10', '1', '2024-2025', 2),
('MON06', '10', '1', '2024-2025', 2),
('MON07', '10', '1', '2024-2025', 2),
('MON08', '10', '1', '2024-2025', 2),
('MON09', '10', '1', '2024-2025', 1),
('MON10', '10', '1', '2024-2025', 1),
('MON11', '10', '1', '2024-2025', 1),
('MON12', '10', '1', '2024-2025', 1),
('MON13', '10', '1', '2024-2025', 1),

('MON01', '11', '1', '2024-2025', 4),
('MON02', '11', '1', '2024-2025', 4),
('MON03', '11', '1', '2024-2025', 3),
('MON04', '11', '1', '2024-2025', 2),
('MON05', '11', '1', '2024-2025', 2),
('MON06', '11', '1', '2024-2025', 2),
('MON07', '11', '1', '2024-2025', 2),
('MON08', '11', '1', '2024-2025', 2),
('MON09', '11', '1', '2024-2025', 1),
('MON10', '11', '1', '2024-2025', 1),
('MON11', '11', '1', '2024-2025', 1),
('MON12', '11', '1', '2024-2025', 1),
('MON13', '11', '1', '2024-2025', 1),

('MON01', '12', '1', '2024-2025', 4),
('MON02', '12', '1', '2024-2025', 4),
('MON03', '12', '1', '2024-2025', 3),
('MON04', '12', '1', '2024-2025', 2),
('MON05', '12', '1', '2024-2025', 2),
('MON06', '12', '1', '2024-2025', 2),
('MON07', '12', '1', '2024-2025', 2),
('MON08', '12', '1', '2024-2025', 2),
('MON09', '12', '1', '2024-2025', 1),
('MON10', '12', '1', '2024-2025', 1),
('MON11', '12', '1', '2024-2025', 1),
('MON12', '12', '1', '2024-2025', 1),
('MON13', '12', '1', '2024-2025', 1),

('MON01', '10', '2', '2024-2025', 4),
('MON02', '10', '2', '2024-2025', 4),
('MON03', '10', '2', '2024-2025', 3),
('MON04', '10', '2', '2024-2025', 2),
('MON05', '10', '2', '2024-2025', 2),
('MON06', '10', '2', '2024-2025', 2),
('MON07', '10', '2', '2024-2025', 2),
('MON08', '10', '2', '2024-2025', 2),
('MON09', '10', '2', '2024-2025', 1),
('MON10', '10', '2', '2024-2025', 1),
('MON11', '10', '2', '2024-2025', 1),
('MON12', '10', '2', '2024-2025', 1),
('MON13', '10', '2', '2024-2025', 1),

('MON01', '11', '2', '2024-2025', 4),
('MON02', '11', '2', '2024-2025', 4),
('MON03', '11', '2', '2024-2025', 3),
('MON04', '11', '2', '2024-2025', 2),
('MON05', '11', '2', '2024-2025', 2),
('MON06', '11', '2', '2024-2025', 2),
('MON07', '11', '2', '2024-2025', 2),
('MON08', '11', '2', '2024-2025', 2),
('MON09', '11', '2', '2024-2025', 1),
('MON10', '11', '2', '2024-2025', 1),
('MON11', '11', '2', '2024-2025', 1),
('MON12', '11', '2', '2024-2025', 1),
('MON13', '11', '2', '2024-2025', 1),

('MON01', '12', '2', '2024-2025', 4),
('MON02', '12', '2', '2024-2025', 4),
('MON03', '12', '2', '2024-2025', 3),
('MON04', '12', '2', '2024-2025', 2),
('MON05', '12', '2', '2024-2025', 2),
('MON06', '12', '2', '2024-2025', 2),
('MON07', '12', '2', '2024-2025', 2),
('MON08', '12', '2', '2024-2025', 2),
('MON09', '12', '2', '2024-2025', 1),
('MON10', '12', '2', '2024-2025', 1),
('MON11', '12', '2', '2024-2025', 1),
('MON12', '12', '2', '2024-2025', 1),
('MON13', '12', '2', '2024-2025', 1);

CREATE TABLE phieunghiphep (
  PNP_STT char(9) NOT NULL,
  PNP_TuNgay date NOT NULL,
  PNP_DenNgay date NOT NULL,
  PNP_LyDo varchar(100) NOT NULL,
  GV_Ma char(5) NOT NULL,
  HK_HocKy char(1) NOT NULL,
  NH_NamHoc char(9) NOT NULL,
  PRIMARY KEY (PNP_STT),
  FOREIGN KEY (GV_Ma) REFERENCES giaovien (GV_Ma) ON DELETE CASCADE ON UPDATE CASCADE,
  FOREIGN KEY (HK_HocKy) REFERENCES hocky (HK_HocKy) ON DELETE CASCADE ON UPDATE CASCADE,
  FOREIGN KEY (NH_NamHoc) REFERENCES namhoc (NH_NamHoc) ON DELETE CASCADE ON UPDATE CASCADE
)ENGINE=InnoDB;

CREATE TABLE chitietnghiphep (
  PNP_STT char(9) NOT NULL,
  CTNP_NgayNghi date NOT NULL,
  L_STTLop varchar(2) NOT NULL,
  K_Khoi char(2) NOT NULL,
  KH_KyHieu char(1) NOT NULL,
  NH_NamHoc char(9) NOT NULL,
  M_Ma char(5) NOT NULL,
  CTNP_TietBDNghi int NOT NULL,
  CTNP_SoTietNghi int NOT NULL,
  CTNP_TenBai varchar(50) NOT NULL,
  GV_Ma char(5) DEFAULT NULL,
  CTNP_NgayDayBu date DEFAULT NULL,
  CTNP_TietBDDayBu int DEFAULT NULL,
  PRIMARY KEY (PNP_STT),
  FOREIGN KEY (PNP_STT) REFERENCES phieunghiphep (PNP_STT) ON DELETE CASCADE ON UPDATE CASCADE,
  FOREIGN KEY (L_STTLop,K_Khoi,KH_KyHieu,NH_NamHoc) REFERENCES lop (L_STTLop,K_Khoi,KH_KyHieu,NH_NamHoc) ON DELETE CASCADE ON UPDATE CASCADE,
  FOREIGN KEY (M_Ma) REFERENCES monhoc (M_Ma) ON DELETE CASCADE ON UPDATE CASCADE,
  FOREIGN KEY (GV_Ma) REFERENCES giaovien (GV_Ma) ON DELETE CASCADE ON UPDATE CASCADE
)ENGINE=InnoDB;